source_frame,clip_frame,clip_time_s,player_pose_accepted,rig_available,rig_interpolated,left_knee_2d_deg,left_knee_rig3d_deg,ankle_direction_elevation_model_deg,delta_t_replay_s,ankle_delta_x_model_m,ankle_delta_y_model_m,ankle_delta_z_model_m,ball_sam_centroid_x_px,ball_sam_centroid_y_px
2422,0,0,0,0,0,,,,,,,,,
2423,1,0.033367,0,0,0,,,,,,,,,
2424,2,0.066733,0,0,0,,,,,,,,,
2425,3,0.1001,0,0,0,,,,,,,,,
2426,4,0.133467,0,0,0,,,,,,,,,
2427,5,0.166833,0,0,0,,,,,,,,,
2428,6,0.2002,0,0,0,,,,,,,,,
2429,7,0.233567,0,0,0,,,,,,,,,
2430,8,0.266933,0,0,0,,,,,,,,,
2431,9,0.3003,0,0,0,,,,,,,,,
2432,10,0.333667,0,0,0,,,,,,,,,
2433,11,0.367033,0,0,0,,,,,,,,,
2434,12,0.4004,0,0,0,,,,,,,,,
2435,13,0.433767,0,0,0,,,,,,,,,
2436,14,0.467133,0,0,0,,,,,,,,,
2437,15,0.5005,0,0,0,,,,,,,,,
2438,16,0.533867,0,0,0,,,,,,,,,
2439,17,0.567233,0,0,0,,,,,,,,,
2440,18,0.6006,0,0,0,,,,,,,,,
2441,19,0.633967,0,0,0,,,,,,,,,
2442,20,0.667333,0,0,0,,,,,,,,,
2443,21,0.7007,0,0,0,,,,,,,,,
2444,22,0.734067,0,0,0,,,,,,,,,
2445,23,0.767433,0,0,0,,,,,,,,,
2446,24,0.8008,0,0,0,,,,,,,,,
2447,25,0.834167,0,0,0,,,,,,,,,
2448,26,0.867533,0,0,0,,,,,,,,,
2449,27,0.9009,0,0,0,,,,,,,,,
2450,28,0.934267,0,0,0,,,,,,,,,
2451,29,0.967633,0,0,0,,,,,,,,,
2452,30,1.001,0,0,0,,,,,,,,,
2453,31,1.034367,0,0,0,,,,,,,,,
2454,32,1.067733,0,0,0,,,,,,,,,
2455,33,1.1011,0,0,0,,,,,,,,,
2456,34,1.134467,0,0,0,,,,,,,,,
2457,35,1.167833,0,0,0,,,,,,,,,
2458,36,1.2012,0,0,0,,,,,,,,,
2459,37,1.234567,0,0,0,,,,,,,,,
2460,38,1.267933,0,0,0,,,,,,,,,
2461,39,1.3013,0,0,0,,,,,,,,,
2462,40,1.334667,0,0,0,,,,,,,,,
2463,41,1.368033,0,0,0,,,,,,,,,
2464,42,1.4014,0,0,0,,,,,,,,,
2465,43,1.434767,0,0,0,,,,,,,,,
2466,44,1.468133,0,0,0,,,,,,,,,
2467,45,1.5015,0,0,0,,,,,,,,,
2468,46,1.534867,0,0,0,,,,,,,,,
2469,47,1.568233,0,0,0,,,,,,,,,
2470,48,1.6016,0,0,0,,,,,,,,,
2471,49,1.634967,0,0,0,,,,,,,,,
2472,50,1.668333,0,0,0,,,,,,,,,
2473,51,1.7017,0,0,0,,,,,,,,,
2474,52,1.735067,0,0,0,,,,,,,,,
2475,53,1.768433,0,0,0,,,,,,,,,
2476,54,1.8018,1,0,0,162.823856,,,,,,,,
2477,55,1.835167,0,0,0,,,,,,,,,
2478,56,1.868533,1,0,0,95.582487,,,,,,,,
2479,57,1.9019,0,0,0,,,,,,,,,
2480,58,1.935267,1,0,0,78.403278,,,,,,,,
2481,59,1.968633,1,0,0,79.693466,,,,,,,,
2482,60,2.002,0,0,0,,,,,,,,,
2483,61,2.035367,0,0,0,,,,,,,,,
2484,62,2.068733,0,0,0,,,,,,,,,
2485,63,2.1021,0,0,0,,,,,,,,,
2486,64,2.135467,1,0,0,124.141637,,,,,,,,
2487,65,2.168833,1,0,0,125.698937,,,,,,,,
2488,66,2.2022,1,0,0,128.007992,,,,,,,,
2489,67,2.235567,1,0,0,129.446255,,,,,,,,
2490,68,2.268933,0,0,0,,,,,,,,,
2491,69,2.3023,1,0,0,131.412969,,,,,,,,
2492,70,2.335667,1,0,0,128.958726,,,,,,,,
2493,71,2.369033,1,0,0,130.978605,,,,,,,,
2494,72,2.4024,1,0,0,133.31244,,,,,,,,
2495,73,2.435767,0,0,0,,,,,,,,,
2496,74,2.469133,0,0,0,,,,,,,,,
2497,75,2.5025,0,0,0,,,,,,,,,
2498,76,2.535867,0,0,0,,,,,,,,,
2499,77,2.569233,0,0,0,,,,,,,,,
2500,78,2.6026,1,1,0,129.139253,106.441141,9.446248,0.1001,0.157269,0.050083,0.256671,,
2501,79,2.635967,1,1,0,109.01706,102.713789,-4.631306,0.1001,0.119465,-0.028633,0.332658,,
2502,80,2.669333,1,1,0,53.998142,76.993662,-24.449923,0.1001,0.103028,-0.140916,0.292303,,
2503,81,2.7027,1,1,0,101.431406,70.296984,-26.013535,0.1001,0.113023,-0.130367,0.242045,,
2504,82,2.736067,0,1,1,,81.585271,-21.187617,0.1001,0.100929,-0.119596,0.291559,,
2505,83,2.769433,0,1,1,,92.404491,-9.957621,0.1001,0.036655,-0.035251,0.197412,,
2506,84,2.8028,1,1,0,114.328816,99.662422,-18.814896,0.1001,-0.058119,-0.03649,0.089956,,
2507,85,2.836167,1,1,0,129.0348,116.175392,2.064645,0.1001,-0.192779,0.007219,-0.054217,,
2508,86,2.869533,1,1,0,132.276646,119.843134,-9.001496,0.1001,-0.222658,-0.039077,-0.106182,,
2509,87,2.9029,1,1,0,135.127163,115.110909,2.788469,0.1001,-0.226897,0.013696,-0.166105,,
2510,88,2.936267,1,1,0,137.552763,115.763244,4.286687,0.1001,-0.183584,0.019982,-0.193286,,
2511,89,2.969633,1,1,0,132.398325,111.550303,9.950426,0.1001,-0.170329,0.047143,-0.207843,,
2512,90,3.003,1,1,0,126.549407,106.207104,13.556305,0.1001,-0.152217,0.060819,-0.201133,,
2513,91,3.036367,1,1,0,121.267414,105.880124,5.138339,0.1001,-0.120226,0.023696,-0.234494,,
2514,92,3.069733,0,1,1,,114.48382,9.547808,0.1001,-0.0971,0.043736,-0.241213,,
2515,93,3.1031,1,1,0,125.828631,122.41694,4.158127,0.1001,-0.040238,0.02014,-0.274084,,
2516,94,3.136467,1,1,0,146.472111,143.326656,27.972574,0.1001,0.03552,0.121038,-0.225118,,
2517,95,3.169833,1,1,0,141.94357,136.848222,45.557847,0.1001,0.102646,0.155504,-0.11279,,
2518,96,3.2032,1,1,0,127.839953,124.995554,47.042371,0.1001,0.166982,0.197835,0.077786,,
2519,97,3.236567,1,1,0,105.574117,112.309407,24.834851,0.1001,0.165955,0.112288,0.176992,,
2520,98,3.269933,1,1,0,90.285054,101.061493,17.687927,0.1001,0.16275,0.088038,0.222983,,
2521,99,3.3033,1,1,0,71.913599,83.621398,-2.823014,0.1001,0.125194,-0.010803,0.179773,,
2522,100,3.336667,1,1,0,66.826889,74.477462,-10.163471,0.1001,0.139985,-0.03332,0.122269,,
2523,101,3.370033,1,1,0,55.84472,61.836745,-33.735955,0.1001,0.129078,-0.099396,0.074101,,
2524,102,3.4034,1,1,0,82.504574,70.780397,-18.087672,0.1001,0.116074,-0.044218,0.069684,,
2525,103,3.436767,1,1,0,104.971407,77.441147,-10.476283,0.1001,0.075295,-0.022867,0.098104,,
2526,104,3.470133,1,1,0,122.28434,81.751937,-9.190093,0.1001,0.049187,-0.01822,0.101306,,
2527,105,3.5035,1,1,0,137.242921,85.399308,-13.737156,0.1001,0.037235,-0.027888,0.107833,,
2528,106,3.536867,1,1,0,147.245249,88.046451,-17.995596,0.1001,0.025922,-0.031198,0.092477,,
2529,107,3.570233,1,1,0,151.841556,90.468072,-19.748105,0.1001,0.029829,-0.031285,0.08188,,
2530,108,3.6036,1,1,0,157.160561,94.753307,-15.614591,0.1001,0.017677,-0.021866,0.076213,,
2531,109,3.636967,1,1,0,160.071585,96.269368,-19.466884,0.1001,0.024196,-0.023742,0.06266,,
2532,110,3.670333,1,1,0,161.301318,99.572723,-21.915675,0.1001,0.025601,-0.023778,0.053271,,
2533,111,3.7037,1,1,0,163.158549,100.365363,-23.16158,0.1001,0.030217,-0.026222,0.053328,,
2534,112,3.737067,1,1,0,163.422845,104.29767,-24.85808,0.1001,0.031405,-0.029765,0.056047,,
2535,113,3.770433,1,1,0,163.142147,107.461462,-18.087906,0.1001,0.020027,-0.026031,0.077142,,
2536,114,3.8038,1,1,0,162.208613,110.430409,-29.155943,0.1001,0.022164,-0.035698,0.060028,,
2537,115,3.837167,1,1,0,162.692332,114.13076,-26.357954,0.1001,0.021363,-0.030759,0.058287,,
2538,116,3.870533,1,1,0,161.675948,114.95325,-41.86856,0.1001,0.030715,-0.042494,0.036118,,
2539,117,3.9039,1,1,0,161.815841,118.702375,-39.762646,0.1001,0.017884,-0.04807,0.054934,,
2540,118,3.937267,1,1,0,160.781592,120.584329,-59.200218,0.1001,0.02426,-0.06795,0.032438,,
2541,119,3.970633,1,1,0,161.227074,121.907888,-57.073049,0.1001,0.016622,-0.067632,0.040522,,
2542,120,4.004,1,1,0,160.171985,123.409885,-67.25965,0.1001,0.030174,-0.072898,0.004805,,
2543,121,4.037367,1,1,0,161.29867,127.252997,-63.66413,0.1001,0.016126,-0.062955,0.026667,,
2544,122,4.070733,1,1,0,160.789651,128.585091,-69.701479,0.1001,0.020531,-0.067928,0.014483,,
2545,123,4.1041,1,1,0,161.02047,130.736509,-58.611417,0.1001,0.012839,-0.054835,0.030895,,
2546,124,4.137467,1,1,0,161.213993,132.628127,-63.036468,0.1001,0.013962,-0.03548,0.011438,,
2547,125,4.170833,1,1,0,161.30725,134.579042,-35.135195,0.1001,0.007084,-0.013282,0.017495,,
2548,126,4.2042,1,1,0,160.777981,135.322068,-0.000743,0.1001,0.008694,0,0.004068,,
2549,127,4.237567,1,1,0,160.662953,135.742268,16.53722,0.1001,0.004093,0.001921,0.00501,,
2550,128,4.270933,1,1,0,159.88131,135.215754,27.302195,0.1001,0.005953,0.003721,-0.004067,,
2551,129,4.3043,1,1,0,160.22632,136.716415,23.448818,0.1001,0.003894,0.007638,-0.017174,,
2552,130,4.337667,1,1,0,159.965389,135.712291,24.965458,0.1001,0.004862,0.00838,-0.017331,,
2553,131,4.371033,1,1,0,160.189117,134.864241,26.097126,0.1001,-0.002229,0.010092,-0.020482,,
2554,132,4.4044,1,1,0,159.758956,134.254817,20.268179,0.1001,-0.007937,0.009162,-0.023508,,
2555,133,4.437767,1,1,0,159.00098,133.858502,18.042349,0.1001,-0.00833,0.00944,-0.027759,,
2556,134,4.471133,1,1,0,159.854076,133.257514,8.329101,0.1001,-0.003891,0.005907,-0.040159,,
2557,135,4.5045,1,1,0,160.253866,135.057417,4.819593,0.1001,0.000882,0.005203,-0.061698,,
2558,136,4.537867,1,1,0,159.868639,133.865196,1.8037,0.1001,-0.013761,0.002558,-0.080066,,
2559,137,4.571233,1,1,0,159.670466,133.269835,4.66168,0.1001,-0.029124,0.007953,-0.093089,,
2560,138,4.6046,1,1,0,159.354715,131.567317,4.974276,0.1001,-0.043061,0.006927,-0.066939,,
2561,139,4.637967,1,1,0,158.637937,128.230238,5.097799,0.1001,-0.03828,0.008187,-0.083404,,
2562,140,4.671333,1,1,0,155.98166,123.771039,4.837282,0.1001,-0.038216,0.006407,-0.065349,,
2563,141,4.7047,1,1,0,154.45375,122.318557,2.969164,0.1001,-0.045084,0.003492,-0.049993,,
2564,142,4.738067,1,1,0,153.782204,123.259887,4.829154,0.1001,-0.04055,0.00535,-0.048641,,
2565,143,4.771433,1,1,0,153.237152,121.440812,8.192202,0.1001,-0.027334,0.011986,-0.07864,,
2566,144,4.8048,1,1,0,153.961701,120.608786,12.718145,0.1001,-0.020306,0.022503,-0.097619,,
2567,145,4.838167,1,1,0,153.424766,123.086811,28.45335,0.1001,-0.022802,0.036312,-0.06301,,
2568,146,4.871533,1,1,0,156.008581,127.515245,21.278162,0.1001,-0.014139,0.043632,-0.111141,,
2569,147,4.9049,1,1,0,156.930038,128.861878,13.420004,0.1001,-0.013706,0.040245,-0.168112,,
2570,148,4.938267,1,1,0,159.302971,125.931869,10.084203,0.1001,-0.028087,0.047529,-0.265773,,
2571,149,4.971633,1,1,0,161.36207,135.495681,12.646,0.1001,-0.057881,0.045633,-0.194975,,
2572,150,5.005,1,1,0,169.789757,145.518525,16.521127,0.1001,-0.078303,0.05408,-0.164652,,
2573,151,5.038367,1,1,0,169.080788,150.959766,13.490516,0.1001,-0.086062,0.033193,-0.108338,,
2574,152,5.071733,1,1,0,166.580608,147.252755,5.987573,0.1001,-0.086915,0.01614,-0.126989,,
2575,153,5.1051,1,1,0,156.777222,136.494276,36.805134,0.1001,-0.078073,0.07256,-0.057522,,
2576,154,5.138467,1,1,0,142.555762,129.326185,70.832167,0.1001,-0.045715,0.132055,0.004156,,
2577,155,5.171833,1,1,0,116.357083,118.431428,62.864259,0.1001,0.089146,0.229939,0.077078,,
2578,156,5.2052,1,1,0,88.166459,101.565709,46.677642,0.1001,0.050413,0.14207,0.124139,,
2579,157,5.238567,1,1,0,70.508723,92.741369,13.705947,0.1001,0.022136,0.054703,0.223205,,
2580,158,5.271933,1,1,0,25.774379,82.970705,-10.383664,0.1001,-0.059397,-0.046636,0.24748,,
2581,159,5.3053,1,1,0,44.328154,74.110432,-11.023751,0.1001,0.01285,-0.049309,0.252786,,
2582,160,5.338667,1,1,0,67.095613,66.99356,-5.436517,0.1001,0.050555,-0.025007,0.257846,,
2583,161,5.372033,1,1,0,105.013235,68.540118,-9.357849,0.1001,0.008574,-0.048555,0.294517,,
2584,162,5.4054,1,1,0,157.257147,74.093871,-17.627086,0.1001,0.043457,-0.073284,0.226512,,
2585,163,5.438767,1,1,0,179.604048,79.996518,-44.14582,0.1001,0.035503,-0.196933,0.199764,,
2586,164,5.472133,1,1,0,167.976822,88.371335,-68.980266,0.1001,0.071493,-0.24098,0.05885,,
2587,165,5.5055,1,1,0,173.843005,108.132104,-60.940838,0.1001,0.016803,-0.220769,0.121516,,
2588,166,5.538867,1,1,0,169.882088,119.195187,-75.192394,0.1001,0.014706,-0.093057,-0.01972,,
2589,167,5.572233,1,1,0,160.883011,127.006611,-64.668352,0.1001,-0.006712,-0.019823,-0.006558,,
2590,168,5.6056,1,1,0,157.399346,127.100081,2.966811,0.1001,-0.018951,0.008537,-0.163633,,
2591,169,5.638967,1,1,0,154.767231,126.221019,4.385965,0.1001,-0.051174,0.012674,-0.157119,,
2592,170,5.672333,1,1,0,149.874231,126.088548,5.093685,0.1001,-0.05462,0.02179,-0.238274,,
2593,171,5.7057,1,1,0,148.23845,119.733816,10.825809,0.1001,-0.039891,0.053318,-0.27595,,
2594,172,5.739067,1,1,0,143.606947,120.506286,9.373371,0.1001,-0.037308,0.05074,-0.305108,,
2595,173,5.772433,1,1,0,146.757383,123.896469,9.725955,0.1001,-0.062784,0.04651,-0.263993,,
2596,174,5.8058,1,1,0,150.042059,132.379654,8.447335,0.1001,-0.100558,0.035602,-0.217614,,
2597,175,5.839167,0,1,1,,140.987772,27.777169,0.1001,-0.163582,0.167281,-0.272214,,
2598,176,5.872533,1,1,0,166.251081,149.226168,47.013535,0.1001,-0.160065,0.267576,-0.191258,,
2599,177,5.9059,1,1,0,157.683117,143.581002,67.343936,0.1001,-0.10559,0.332543,-0.0901,,
2600,178,5.939267,1,1,0,109.793603,113.955291,63.916165,0.1001,0.082697,0.200095,0.052502,,
2601,179,5.972633,1,1,0,71.295081,95.576095,27.629476,0.1001,0.087025,0.08458,0.136148,,
2602,180,6.006,1,1,0,48.485466,80.962384,7.10186,0.1001,0.058846,0.02833,0.219639,,
2603,181,6.039367,1,1,0,27.475624,78.308614,-8.066254,0.1001,-0.061019,-0.043178,0.298499,,
2604,182,6.072733,1,1,0,33.291426,67.882541,-18.877464,0.1001,-0.031936,-0.102014,0.296627,,
2605,183,6.1061,1,1,0,35.963909,54.281088,-43.378101,0.1001,0.017148,-0.248455,0.262376,,
2606,184,6.139467,1,1,0,98.575798,63.765312,-44.847123,0.1001,0.091493,-0.280657,0.266914,,
2607,185,6.172833,1,1,0,144.892297,72.621385,-45.333204,0.1001,0.129128,-0.279907,0.244688,,
2608,186,6.2062,1,1,0,154.1252,88.49551,-43.089733,0.1001,0.122232,-0.189882,0.162057,,
2609,187,6.239567,1,1,0,157.473706,104.078004,-40.441886,0.1001,0.081309,-0.096533,0.078844,,
2610,188,6.272933,1,1,0,157.377307,122.63095,-51.117054,0.1001,0.000897,-0.030222,-0.024355,,
2611,189,6.3063,1,1,0,160.927746,127.798502,0.239205,0.1001,-0.052244,0.000384,-0.0756,,
2612,190,6.339667,1,1,0,157.203769,133.656491,5.512716,0.1001,-0.096647,0.017063,-0.148037,,
2613,191,6.373033,1,1,0,151.758538,125.955296,10.634085,0.1001,-0.086133,0.04428,-0.219538,,
2614,192,6.4064,1,1,0,147.657375,121.865175,16.458587,0.1001,-0.059513,0.069625,-0.228039,,
2615,193,6.439767,1,1,0,143.256457,116.37611,19.421747,0.1001,-0.026317,0.081755,-0.230375,,
2616,194,6.473133,1,1,0,139.406083,115.558284,12.405014,0.1001,-0.040927,0.057493,-0.258158,,
2617,195,6.5065,1,1,0,138.617643,120.471799,13.14194,0.1001,-0.074359,0.078523,-0.327992,,
2618,196,6.539867,1,1,0,142.837452,124.241523,24.503516,0.1001,-0.071565,0.153461,-0.32899,,
2619,197,6.573233,1,1,0,138.129861,124.551061,44.794065,0.1001,-0.042763,0.211877,-0.209077,,
2620,198,6.6066,1,1,0,128.142535,121.420995,60.295357,0.1001,0.028466,0.154638,-0.083502,,
2621,199,6.639967,1,1,0,102.578513,110.638926,25.844535,0.1001,0.101217,0.058754,-0.066846,,
2622,200,6.673333,1,1,0,72.443059,101.965372,30.230606,0.1001,0.116854,0.069287,0.021964,,
2623,201,6.7067,1,1,0,64.405557,100.637338,32.974614,0.1001,0.128144,0.112117,0.115945,,
2624,202,6.740067,1,1,0,53.074017,104.297804,2.409276,0.1001,0.061024,0.01277,0.297311,,
2625,203,6.773433,1,1,0,31.448418,83.97068,-7.48578,0.1001,0.154895,-0.045148,0.306694,,
2626,204,6.8068,1,1,0,16.090403,68.11565,-20.085436,0.1001,0.139028,-0.138136,0.35126,,
2627,205,6.840167,1,1,0,58.356797,66.82903,-17.01509,0.1001,0.136655,-0.098833,0.292628,,
2628,206,6.873533,1,1,0,136.58459,69.862513,-27.856852,0.1001,0.029375,-0.155207,0.292197,,
2629,207,6.9069,1,1,0,170.255423,78.772146,-30.188202,0.1001,-0.027554,-0.165433,0.283038,,
2630,208,6.940267,1,1,0,178.140757,93.929702,-41.767186,0.1001,-0.079561,-0.197514,0.206356,,
2631,209,6.973633,1,1,0,176.960818,109.896107,-44.237217,0.1001,-0.115116,-0.177086,0.140795,,
2632,210,7.007,1,1,0,179.375207,127.411843,-39.020068,0.1001,-0.129146,-0.104658,0.000893,,
2633,211,7.040367,1,1,0,175.810981,131.698924,-5.73325,0.1001,-0.102591,-0.010304,0.002836,,
2634,212,7.073733,1,1,0,171.939461,136.866599,5.103075,0.1001,-0.080074,0.009079,-0.062647,,
2635,213,7.1071,1,1,0,165.90214,130.974344,-0.668825,0.1001,-0.055067,-0.000891,-0.052898,,
2636,214,7.140467,1,1,0,161.498573,125.811845,-2.239238,0.1001,-0.058951,-0.004087,-0.086321,,
2637,215,7.173833,1,1,0,158.798229,121.135111,3.460859,0.1001,-0.058153,0.007452,-0.108635,540.124046,569.722222
2638,216,7.2072,1,1,0,159.191805,120.098975,6.600539,0.1001,-0.066755,0.019554,-0.15524,545.276402,568.279153
2639,217,7.240567,1,1,0,158.473398,120.63079,9.886177,0.1001,-0.061336,0.02118,-0.104919,549.819306,567.215169
2640,218,7.273933,1,1,0,158.79122,121.106276,10.681445,0.1001,-0.060057,0.025587,-0.121641,555.934347,566.418535
2641,219,7.3073,1,1,0,156.928063,124.941563,4.427526,0.1001,-0.049625,0.007772,-0.087255,562.855588,566.104018
2642,220,7.340667,1,1,0,156.815845,121.484204,4.274991,0.1001,-0.03051,0.015692,-0.207691,572.437375,565.629637
2643,221,7.374033,1,1,0,155.12122,120.716994,6.803465,0.1001,-0.006944,0.01771,-0.14828,582.126498,565.071704
2644,222,7.4074,1,1,0,154.895239,128.934621,11.730016,0.1001,0.02273,0.038334,-0.183216,593.583316,566.979679
2645,223,7.440767,1,1,0,157.512344,139.337534,17.82536,0.1001,0.035862,0.044016,-0.132103,607.69795,569.445307
2646,224,7.474133,1,1,0,159.346825,141.470961,11.271263,0.1001,0.056607,0.038999,-0.187314,618.843263,572.587087
2647,225,7.5075,1,1,0,162.098036,147.282934,8.474194,0.1001,0.075834,0.034248,-0.217001,633.221665,571.930673
2648,226,7.540867,1,1,0,163.770941,146.243183,11.202261,0.1001,0.107423,0.049462,-0.225466,650.622525,570.42015
2649,227,7.574233,1,1,0,158.523973,138.191612,24.716615,0.1001,0.133469,0.105367,-0.185971,664.004009,567.536611
2650,228,7.6076,1,1,0,151.303853,131.29865,34.329075,0.1001,0.158375,0.12939,-0.104004,680.806409,567.511414
2651,229,7.640967,1,1,0,133.782506,123.398075,49.107641,0.1001,0.154048,0.179219,0.018898,696.044974,563.756684
2652,230,7.674333,1,1,0,84.881891,118.349753,36.171153,0.1001,0.133658,0.117863,0.090133,712.314574,561.365698
2653,231,7.7077,1,1,0,10.850195,113.709315,35.34761,0.1001,0.129881,0.116046,0.099494,724.724413,559.089765
2654,232,7.741067,1,1,0,18.897177,90.517325,0.8962,0.1001,0.14833,0.002866,0.107576,739.399124,558.486747
2655,233,7.774433,1,1,0,22.442556,85.749025,-17.688043,0.1001,0.156358,-0.074141,0.172045,748.211201,558.008978
2656,234,7.8078,1,1,0,34.321295,89.870583,-30.386203,0.1001,0.097119,-0.173161,0.278881,756.649821,556.838775
2657,235,7.841167,1,1,0,51.554565,87.978006,-30.14303,0.1001,0.04417,-0.220219,0.37666,764.689127,556.34719
2658,236,7.874533,1,1,0,96.792438,88.494435,-22.681398,0.1001,-0.022227,-0.181157,0.432895,770.711048,553.027457
2659,237,7.9079,1,1,0,152.265639,87.039975,-16.750366,0.1001,-0.069664,-0.145372,0.477958,774.889494,550.622058
2660,238,7.941267,1,1,0,173.372321,94.433697,-9.372538,0.1001,-0.129285,-0.069154,0.398527,778.995981,547.641135
2661,239,7.974633,1,1,0,177.346519,99.4074,14.863945,0.1001,-0.177421,0.122637,0.426653,781.303752,545.801842
2662,240,8.008,1,1,0,167.908872,113.177365,27.784493,0.1001,-0.193566,0.21403,0.357127,784.853886,543.756864
2663,241,8.041367,1,1,0,164.248748,122.432226,37.809959,0.1001,-0.189066,0.280471,0.308061,763.145802,533.535445
2664,242,8.074733,1,1,0,163.186986,128.13568,33.949758,0.1001,-0.151535,0.136377,0.134432,694.653572,510.448564
2665,243,8.1081,1,1,0,166.256113,135.658564,32.889717,0.1001,-0.12478,0.08474,0.040018,636.618902,492.25258
2666,244,8.141467,1,1,0,174.554523,145.418848,8.769771,0.1001,-0.118213,0.018273,-0.007507,566.492774,468.742372
2667,245,8.174833,1,1,0,177.937186,145.392303,-1.406643,0.1001,-0.129175,-0.003193,-0.015048,505.368455,450.837397
2668,246,8.2082,1,1,0,178.534819,146.234797,-31.861989,0.1001,-0.122639,-0.079203,-0.034628,433.90295,428.957247
2669,247,8.241567,1,1,0,178.34269,144.132831,-45.905069,0.1001,-0.120194,-0.148859,-0.079721,371.131651,412.875499
2670,248,8.274933,1,1,0,176.968683,154.750673,-54.363504,0.1001,-0.093425,-0.199884,-0.108652,317.475692,396.757538
2671,249,8.3083,1,1,0,172.732176,156.095825,-51.227832,0.1001,-0.065844,-0.136624,-0.087791,,
2672,250,8.341667,1,1,0,176.221392,156.306134,-51.022294,0.1001,-0.032241,-0.070079,-0.046646,,
2673,251,8.375033,1,1,0,175.336665,156.12852,28.428588,0.1001,-0.006489,0.006384,0.009847,,
2674,252,8.4084,0,1,1,,155.578072,-64.205581,0.1001,-0.00763,-0.015867,-0.000765,,
2675,253,8.441767,1,1,0,174.695874,155.02477,-63.938895,0.1001,-0.008188,-0.022358,-0.007247,,
2676,254,8.475133,1,1,0,172.955543,155.03295,-46.792785,0.1001,-0.019178,-0.051621,-0.044534,,
2677,255,8.5085,1,1,0,173.336846,153.716717,-38.837925,0.1001,-0.018572,-0.035823,-0.040433,,
2678,256,8.541867,0,1,1,,154.138795,-31.857147,0.1001,-0.013721,-0.059579,-0.094891,,
2679,257,8.575233,0,1,1,,154.540191,-27.783611,0.1001,-0.015944,-0.060646,-0.113995,49.702527,345.146931
2680,258,8.6086,1,1,0,176.96175,154.918567,-30.328935,0.1001,-0.01696,-0.073554,-0.124577,,
2681,259,8.641967,1,1,0,177.011268,147.072497,-32.718207,0.1001,-0.014694,-0.045975,-0.070039,,
2682,260,8.675333,1,1,0,177.281961,145.002889,-30.378649,0.1001,-0.014695,-0.043455,-0.072659,,
2683,261,8.7087,1,1,0,177.530175,146.959222,-15.955989,0.1001,-0.011216,-0.020634,-0.071293,,
2684,262,8.742067,1,1,0,177.797953,145.540043,-3.453995,0.1001,-0.01416,-0.006098,-0.100033,,
2685,263,8.775433,1,1,0,179.183844,145.504815,5.467993,0.1001,-0.01491,0.005648,-0.057087,,
2686,264,8.8088,1,1,0,179.842482,147.045664,11.658342,0.1001,-0.013713,0.012007,-0.056552,,
2687,265,8.842167,1,1,0,178.987022,142.909059,8.787454,0.1001,-0.018737,0.011864,-0.074427,,
2688,266,8.875533,1,1,0,179.730924,144.277124,7.631832,0.1001,-0.01248,0.011562,-0.085377,,
2689,267,8.9089,1,1,0,179.13871,143.383283,3.694095,0.1001,-0.020952,0.006229,-0.094178,,
2690,268,8.942267,1,1,0,179.256658,141.893239,-3.335866,0.1001,-0.025405,-0.001975,-0.022417,,
2691,269,8.975633,1,1,0,178.326978,138.199039,-4.659459,0.1001,-0.026918,-0.002247,-0.005931,,
2692,270,9.009,1,1,0,179.421446,140.064247,0.811445,0.1001,-0.023553,0.000574,0.03298,,
2693,271,9.042367,1,1,0,178.889238,143.608539,7.895512,0.1001,-0.019846,0.005616,0.035297,,
2694,272,9.075733,1,1,0,179.238982,139.069022,9.80843,0.1001,-0.023114,0.005846,0.024679,,
2695,273,9.1091,1,1,0,178.615726,136.905558,10.763635,0.1001,-0.026976,0.006575,-0.021644,,
2696,274,9.142467,1,1,0,178.857926,138.33198,8.760336,0.1001,-0.027124,0.004181,-0.000722,,
2697,275,9.175833,1,1,0,177.979686,138.674928,6.113805,0.1001,-0.025865,0.003509,0.020104,,
2698,276,9.2092,1,1,0,177.388192,139.215395,9.199048,0.1001,-0.03433,0.005579,0.002835,,
2699,277,9.242567,1,1,0,177.680361,136.941919,4.636682,0.1001,-0.037749,0.005627,-0.058218,,
2700,278,9.275933,1,1,0,177.774154,137.783936,4.887392,0.1001,-0.047664,0.005765,-0.047681,,
2701,279,9.3093,1,1,0,177.263644,140.729336,7.442586,0.1001,-0.043211,0.007319,-0.035668,,
2702,280,9.342667,1,1,0,176.881298,141.166485,10.123806,0.1001,-0.047367,0.012723,-0.053232,,
2703,281,9.376033,1,1,0,174.36967,141.746875,7.591639,0.1001,-0.046534,0.018514,-0.130888,,
2704,282,9.4094,0,1,1,,140.395994,8.692438,0.1001,-0.062637,0.014599,-0.072072,,
2705,283,9.442767,0,1,1,,138.957545,8.153675,0.1001,-0.066496,0.0118,-0.048595,,
2706,284,9.476133,1,1,0,167.458344,137.465184,21.275431,0.1001,-0.065023,0.026532,-0.020364,,
2707,285,9.5095,1,1,0,168.830564,146.556822,23.405031,0.1001,-0.049367,0.034169,-0.0616,,
2708,286,9.542867,1,1,0,168.252354,106.441141,,,,,,,
2709,287,9.576233,1,1,0,166.895335,106.441141,,,,,,,
2710,288,9.6096,1,1,0,166.29394,106.441141,,,,,,,
2711,289,9.642967,0,0,0,,,,,,,,,
2712,290,9.676333,0,0,0,,,,,,,,,
2713,291,9.7097,0,0,0,,,,,,,,,
2714,292,9.743067,0,0,0,,,,,,,,,
2715,293,9.776433,0,0,0,,,,,,,,,
2716,294,9.8098,0,0,0,,,,,,,,,
2717,295,9.843167,0,0,0,,,,,,,,,
2718,296,9.876533,1,0,0,97.73387,,,,,,,,
2719,297,9.9099,1,0,0,89.404948,,,,,,,,
2720,298,9.943267,1,0,0,81.367147,,,,,,,,
2721,299,9.976633,0,0,0,,,,,,,,,
2722,300,10.01,0,0,0,,,,,,,,,
2723,301,10.043367,0,0,0,,,,,,,,,
2724,302,10.076733,0,0,0,,,,,,,,,
2725,303,10.1101,0,0,0,,,,,,,,,
2726,304,10.143467,0,0,0,,,,,,,,,
2727,305,10.176833,0,0,0,,,,,,,,,
2728,306,10.2102,0,0,0,,,,,,,,,
2729,307,10.243567,0,0,0,,,,,,,,,
2730,308,10.276933,0,0,0,,,,,,,,,
2731,309,10.3103,0,0,0,,,,,,,,,
2732,310,10.343667,0,0,0,,,,,,,,,
2733,311,10.377033,0,0,0,,,,,,,,,
2734,312,10.4104,0,0,0,,,,,,,,,
2735,313,10.443767,0,0,0,,,,,,,,,
2736,314,10.477133,0,0,0,,,,,,,,,
2737,315,10.5105,0,0,0,,,,,,,,,
2738,316,10.543867,0,0,0,,,,,,,,,
2739,317,10.577233,0,0,0,,,,,,,,,
2740,318,10.6106,0,0,0,,,,,,,,,
2741,319,10.643967,0,0,0,,,,,,,,,
2742,320,10.677333,0,0,0,,,,,,,,,
2743,321,10.7107,0,0,0,,,,,,,,,
2744,322,10.744067,0,0,0,,,,,,,,,
2745,323,10.777433,0,0,0,,,,,,,,,
2746,324,10.8108,0,0,0,,,,,,,,,
2747,325,10.844167,0,0,0,,,,,,,,,
2748,326,10.877533,0,0,0,,,,,,,,,
2749,327,10.9109,0,0,0,,,,,,,,,
2750,328,10.944267,0,0,0,,,,,,,,,
2751,329,10.977633,0,0,0,,,,,,,,,
2752,330,11.011,0,0,0,,,,,,,,,
2753,331,11.044367,0,0,0,,,,,,,,,
2754,332,11.077733,0,0,0,,,,,,,,,
2755,333,11.1111,0,0,0,,,,,,,,,
2756,334,11.144467,0,0,0,,,,,,,,,
2757,335,11.177833,0,0,0,,,,,,,,,
2758,336,11.2112,0,0,0,,,,,,,,,
2759,337,11.244567,0,0,0,,,,,,,,,
2760,338,11.277933,0,0,0,,,,,,,,,
2761,339,11.3113,0,0,0,,,,,,,,,
2762,340,11.344667,0,0,0,,,,,,,,,
2763,341,11.378033,0,0,0,,,,,,,,,
